date,country_name,effective tariff,total imports,2024 tariff
2025-02-04,CHINA,19.81315688044336,429425828419.0,10.865954673194842
2025-02-04,MEXICO,0.0,503438605302.0,0.24839859514743334
2025-02-04,CANADA,0.0,411693824741.0,0.10047192820058021
2025-02-04,JAPAN,0.0,151340030810.0,1.5080061314809772
2025-02-04,"KOREA, SOUTH",0.0,130458735626.0,0.19074987796402115
2025-02-04,VIETNAM,0.0,141361159091.0,3.7743449688081196
2025-02-04,TAIWAN,0.0,115274122243.0,0.9381444681229574
2025-02-04,INDIA,0.0,87735219365.0,2.4006631752267915
2025-02-04,UNITED KINGDOM,0.0,68205970097.0,0.9568484123484455
2025-02-04,SWITZERLAND,0.0,60919464587.0,0.5962607476322337
2025-02-04,MALAYSIA,0.0,51626608290.0,0.6439635839187916
2025-02-04,THAILAND,0.0,63282378964.0,1.5883308441545774
2025-02-04,BRAZIL,0.0,42749059621.0,1.283186909521001
2025-02-04,SINGAPORE,0.0,42642848286.0,0.07770426304023081
2025-02-04,INDONESIA,0.0,28106070973.0,4.851827159726428
2025-02-04,ISRAEL,0.0,22708195633.0,0.13020833745606475
2025-02-04,SAUDI ARABIA,0.0,12571913684.0,0.35979392745566674
2025-02-04,RUSSIA,0.0,2931845520.0,0.6264000226041924
2025-02-04,COLOMBIA,0.0,18310770810.0,0.14149871280050172
2025-02-04,AUSTRALIA,0.0,16680584707.0,0.11548436303864154
2025-02-04,PHILIPPINES,0.0,13930354398.0,1.3606079686473171
2025-02-04,CHILE,0.0,16426746171.0,0.02893202920728323
2025-02-04,TURKEY,0.0,16577520954.0,3.317861883729277
2025-02-04,SOUTH AFRICA,0.0,14590861017.0,0.25969666187520785
2025-02-04,VENEZUELA,0.0,5684940767.0,0.14196309743186458
2025-02-04,IRAQ,0.0,7595583687.0,0.09413180467272231
2025-02-04,ECUADOR,0.0,8723106488.0,0.4318083133780035
2025-02-04,COSTA RICA,0.0,11441670778.0,0.10851728074429305
2025-02-04,PERU,0.0,9605440694.0,0.10234642337795896
2025-02-04,BANGLADESH,0.0,8444238245.0,15.06031083091498
2025-02-04,CAMBODIA,0.0,12728558279.0,7.049896660177754
2025-02-04,HONG KONG,19.970641954471805,5895965378.0,0.9899008942246879
2025-02-04,NORWAY,0.0,6521465715.0,0.575496378270847
2025-02-04,DOMINICAN REPUBLIC,0.0,7502813278.0,0.3628772433912622
2025-02-04,ARGENTINA,0.0,7735341905.0,1.041774881959791
2025-02-04,NIGERIA,0.0,6108389412.0,0.07629877019372974
2025-02-04,HONDURAS,0.0,5523842740.0,0.47036196037688066
2025-02-04,NEW ZEALAND,0.0,5580064221.0,1.1250411019239057
2025-02-04,SLOVAKIA,0.0,8141337864.0,2.4215965888330806
2025-02-04,UNITED ARAB EMIRATES,0.0,7188011875.0,2.269413320912189
2025-02-04,GUATEMALA,0.0,5024213301.0,0.8735477052947678
2025-02-04,PAKISTAN,0.0,5107479031.0,9.589125790382516
2025-02-04,TRINIDAD AND TOBAGO,0.0,3247910632.0,0.014215538920653406
2025-02-04,NICARAGUA,0.0,4640059191.0,1.3320080942045034
2025-02-04,KUWAIT,0.0,1704495990.0,0.10505457393302521
2025-02-04,ALGERIA,0.0,2712545770.0,0.09615856177792716
2025-02-04,SRI LANKA,0.0,3118528089.0,10.121829240961503
2025-02-04,ANGOLA,0.0,1662167957.0,0.06470561506558992
2025-02-04,EL SALVADOR,0.0,2301947103.0,0.9205991298575901
2025-02-04,EGYPT,0.0,2559338157.0,1.8207506840214704
2025-02-04,EUROPEAN UNION,0.0,597473236377.0,1.2290777517549552
2025-03-06,CHINA,19.81315688044336,429425828419.0,10.865954673194842
2025-03-06,MEXICO,4.426656255543116,503438605302.0,0.24839859514743334
2025-03-06,CANADA,6.835873905272301,411693824741.0,0.10047192820058021
2025-03-06,JAPAN,0.0,151340030810.0,1.5080061314809772
2025-03-06,"KOREA, SOUTH",0.0,130458735626.0,0.19074987796402115
2025-03-06,VIETNAM,0.0,141361159091.0,3.7743449688081196
2025-03-06,TAIWAN,0.0,115274122243.0,0.9381444681229574
2025-03-06,INDIA,0.0,87735219365.0,2.4006631752267915
2025-03-06,UNITED KINGDOM,0.0,68205970097.0,0.9568484123484455
2025-03-06,SWITZERLAND,0.0,60919464587.0,0.5962607476322337
2025-03-06,MALAYSIA,0.0,51626608290.0,0.6439635839187916
2025-03-06,THAILAND,0.0,63282378964.0,1.5883308441545774
2025-03-06,BRAZIL,0.0,42749059621.0,1.283186909521001
2025-03-06,SINGAPORE,0.0,42642848286.0,0.07770426304023081
2025-03-06,INDONESIA,0.0,28106070973.0,4.851827159726428
2025-03-06,ISRAEL,0.0,22708195633.0,0.13020833745606475
2025-03-06,SAUDI ARABIA,0.0,12571913684.0,0.35979392745566674
2025-03-06,RUSSIA,0.0,2931845520.0,0.6264000226041924
2025-03-06,COLOMBIA,0.0,18310770810.0,0.14149871280050172
2025-03-06,AUSTRALIA,0.0,16680584707.0,0.11548436303864154
2025-03-06,PHILIPPINES,0.0,13930354398.0,1.3606079686473171
2025-03-06,CHILE,0.0,16426746171.0,0.02893202920728323
2025-03-06,TURKEY,0.0,16577520954.0,3.317861883729277
2025-03-06,SOUTH AFRICA,0.0,14590861017.0,0.25969666187520785
2025-03-06,VENEZUELA,0.0,5684940767.0,0.14196309743186458
2025-03-06,IRAQ,0.0,7595583687.0,0.09413180467272231
2025-03-06,ECUADOR,0.0,8723106488.0,0.4318083133780035
2025-03-06,COSTA RICA,0.0,11441670778.0,0.10851728074429305
2025-03-06,PERU,0.0,9605440694.0,0.10234642337795896
2025-03-06,BANGLADESH,0.0,8444238245.0,15.06031083091498
2025-03-06,CAMBODIA,0.0,12728558279.0,7.049896660177754
2025-03-06,HONG KONG,19.970641954471805,5895965378.0,0.9899008942246879
2025-03-06,NORWAY,0.0,6521465715.0,0.575496378270847
2025-03-06,DOMINICAN REPUBLIC,0.0,7502813278.0,0.3628772433912622
2025-03-06,ARGENTINA,0.0,7735341905.0,1.041774881959791
2025-03-06,NIGERIA,0.0,6108389412.0,0.07629877019372974
2025-03-06,HONDURAS,0.0,5523842740.0,0.47036196037688066
2025-03-06,NEW ZEALAND,0.0,5580064221.0,1.1250411019239057
2025-03-06,SLOVAKIA,0.0,8141337864.0,2.4215965888330806
2025-03-06,UNITED ARAB EMIRATES,0.0,7188011875.0,2.269413320912189
2025-03-06,GUATEMALA,0.0,5024213301.0,0.8735477052947678
2025-03-06,PAKISTAN,0.0,5107479031.0,9.589125790382516
2025-03-06,TRINIDAD AND TOBAGO,0.0,3247910632.0,0.014215538920653406
2025-03-06,NICARAGUA,0.0,4640059191.0,1.3320080942045034
2025-03-06,KUWAIT,0.0,1704495990.0,0.10505457393302521
2025-03-06,ALGERIA,0.0,2712545770.0,0.09615856177792716
2025-03-06,SRI LANKA,0.0,3118528089.0,10.121829240961503
2025-03-06,ANGOLA,0.0,1662167957.0,0.06470561506558992
2025-03-06,EL SALVADOR,0.0,2301947103.0,0.9205991298575901
2025-03-06,EGYPT,0.0,2559338157.0,1.8207506840214704
2025-03-06,EUROPEAN UNION,0.0,597473236377.0,1.2290777517549552
2025-03-12,CHINA,20.106811628992762,429425828419.0,10.865954673194842
2025-03-12,MEXICO,5.441672647215076,503438605302.0,0.24839859514743334
2025-03-12,CANADA,7.354466774613529,411693824741.0,0.10047192820058021
2025-03-12,JAPAN,0.9717917296094675,151340030810.0,1.5080061314809772
2025-03-12,"KOREA, SOUTH",1.3586004039861046,130458735626.0,0.19074987796402115
2025-03-12,VIETNAM,0.5729274506575289,141361159091.0,3.7743449688081196
2025-03-12,TAIWAN,1.2621566780902997,115274122243.0,0.9381444681229574
2025-03-12,INDIA,0.8695212196669247,87735219365.0,2.4006631752267915
2025-03-12,UNITED KINGDOM,0.8338850406953109,68205970097.0,0.9568484123484455
2025-03-12,SWITZERLAND,0.28778877644209067,60919464587.0,0.5962607476322337
2025-03-12,MALAYSIA,0.7395300217193486,51626608290.0,0.6439635839187916
2025-03-12,THAILAND,0.9113097064951865,63282378964.0,1.5883308441545774
2025-03-12,BRAZIL,0.20431003400854905,42749059621.0,1.283186909521001
2025-03-12,SINGAPORE,0.28338788473863347,42642848286.0,0.07770426304023081
2025-03-12,INDONESIA,0.24401592654442628,28106070973.0,4.851827159726428
2025-03-12,ISRAEL,0.6898834281326098,22708195633.0,0.13020833745606475
2025-03-12,SAUDI ARABIA,0.04106931832160995,12571913684.0,0.35979392745566674
2025-03-12,RUSSIA,0.02208492042241025,2931845520.0,0.6264000226041924
2025-03-12,COLOMBIA,1.0645000408368934,18310770810.0,0.14149871280050172
2025-03-12,AUSTRALIA,0.5336434787123797,16680584707.0,0.11548436303864154
2025-03-12,PHILIPPINES,0.4681154828290823,13930354398.0,1.3606079686473171
2025-03-12,CHILE,0.04158989661665967,16426746171.0,0.02893202920728323
2025-03-12,TURKEY,1.6335723025260729,16577520954.0,3.317861883729277
2025-03-12,SOUTH AFRICA,0.11593759772155054,14590861017.0,0.25969666187520785
2025-03-12,VENEZUELA,0.00020213930929071367,5684940767.0,0.14196309743186458
2025-03-12,IRAQ,5.5624428274434994e-05,7595583687.0,0.09413180467272231
2025-03-12,ECUADOR,0.016846572972846186,8723106488.0,0.4318083133780035
2025-03-12,COSTA RICA,0.12729636503792086,11441670778.0,0.10851728074429305
2025-03-12,PERU,0.05723395651626935,9605440694.0,0.10234642337795896
2025-03-12,BANGLADESH,0.010270358022092968,8444238245.0,15.06031083091498
2025-03-12,CAMBODIA,0.20570760588965203,12728558279.0,7.049896660177754
2025-03-12,HONG KONG,19.99689897856792,5895965378.0,0.9899008942246879
2025-03-12,NORWAY,0.5850611682622333,6521465715.0,0.575496378270847
2025-03-12,DOMINICAN REPUBLIC,0.42507587578537626,7502813278.0,0.3628772433912622
2025-03-12,ARGENTINA,0.09304813657102337,7735341905.0,1.041774881959791
2025-03-12,NIGERIA,0.000416877482466568,6108389412.0,0.07629877019372974
2025-03-12,HONDURAS,0.31251221409681185,5523842740.0,0.47036196037688066
2025-03-12,NEW ZEALAND,0.46564827430146527,5580064221.0,1.1250411019239057
2025-03-12,SLOVAKIA,0.4047358284404938,8141337864.0,2.4215965888330806
2025-03-12,UNITED ARAB EMIRATES,1.9311986807200427,7188011875.0,2.269413320912189
2025-03-12,GUATEMALA,0.014337458560062038,5024213301.0,0.8735477052947678
2025-03-12,PAKISTAN,0.16510253294860763,5107479031.0,9.589125790382516
2025-03-12,TRINIDAD AND TOBAGO,0.0027326413826031654,3247910632.0,0.014215538920653406
2025-03-12,NICARAGUA,0.0009908386532907914,4640059191.0,1.3320080942045034
2025-03-12,KUWAIT,0.0013759199280955774,1704495990.0,0.10505457393302521
2025-03-12,ALGERIA,0.0011176216945456372,2712545770.0,0.09615856177792716
2025-03-12,SRI LANKA,0.09784816467625539,3118528089.0,10.121829240961503
2025-03-12,ANGOLA,0.0,1662167957.0,0.06470561506558992
2025-03-12,EL SALVADOR,0.07407489936574793,2301947103.0,0.9205991298575901
2025-03-12,EGYPT,0.13485989495213077,2559338157.0,1.8207506840214704
2025-03-12,EUROPEAN UNION,0.668729919306191,597473236377.0,1.2290777517549552
2025-04-03,CHINA,20.4538440149083,429425828419.0,10.865954673194842
2025-04-03,MEXICO,5.441672647215076,503438605302.0,0.24839859514743334
2025-04-03,CANADA,7.354466774613529,411693824741.0,0.10047192820058021
2025-04-03,JAPAN,10.002206457030653,151340030810.0,1.5080061314809772
2025-04-03,"KOREA, SOUTH",10.36146246637854,130458735626.0,0.19074987796402115
2025-04-03,VIETNAM,1.219104877769582,141361159091.0,3.7743449688081196
2025-04-03,TAIWAN,1.82168539121322,115274122243.0,0.9381444681229574
2025-04-03,INDIA,1.5935750538600137,87735219365.0,2.4006631752267915
2025-04-03,UNITED KINGDOM,5.165614036776185,68205970097.0,0.9568484123484455
2025-04-03,SWITZERLAND,0.44641335342273136,60919464587.0,0.5962607476322337
2025-04-03,MALAYSIA,1.509710811568017,51626608290.0,0.6439635839187916
2025-04-03,THAILAND,3.0865561704959927,63282378964.0,1.5883308441545774
2025-04-03,BRAZIL,0.8650421185366639,42749059621.0,1.283186909521001
2025-04-03,SINGAPORE,0.4667895948576928,42642848286.0,0.07770426304023081
2025-04-03,INDONESIA,1.4271786214278697,28106070973.0,4.851827159726428
2025-04-03,ISRAEL,0.8221323416321829,22708195633.0,0.13020833745606475
2025-04-03,SAUDI ARABIA,0.0688993813330416,12571913684.0,0.35979392745566674
2025-04-03,RUSSIA,0.03273758775667007,2931845520.0,0.6264000226041924
2025-04-03,COLOMBIA,1.2285739119575598,18310770810.0,0.14149871280050172
2025-04-03,AUSTRALIA,0.7319152694255732,16680584707.0,0.11548436303864154
2025-04-03,PHILIPPINES,3.001557575663912,13930354398.0,1.3606079686473171
2025-04-03,CHILE,0.6859157229136198,16426746171.0,0.02893202920728323
2025-04-03,TURKEY,2.4776878891586773,16577520954.0,3.317861883729277
2025-04-03,SOUTH AFRICA,4.482957547795824,14590861017.0,0.25969666187520785
2025-04-03,VENEZUELA,0.003153797151955444,5684940767.0,0.14196309743186458
2025-04-03,IRAQ,0.0006343620449139026,7595583687.0,0.09413180467272231
2025-04-03,ECUADOR,0.11523024812121267,8723106488.0,0.4318083133780035
2025-04-03,COSTA RICA,0.46353691938049923,11441670778.0,0.10851728074429305
2025-04-03,PERU,0.18762842147635875,9605440694.0,0.10234642337795896
2025-04-03,BANGLADESH,0.01887967515535204,8444238245.0,15.06031083091498
2025-04-03,CAMBODIA,1.6180044725865061,12728558279.0,7.049896660177754
2025-04-03,HONG KONG,20.008417601159124,5895965378.0,0.9899008942246879
2025-04-03,NORWAY,0.9956948305447006,6521465715.0,0.575496378270847
2025-04-03,DOMINICAN REPUBLIC,0.4680958621612121,7502813278.0,0.3628772433912622
2025-04-03,ARGENTINA,0.2086263373771324,7735341905.0,1.041774881959791
2025-04-03,NIGERIA,0.0014956192842015882,6108389412.0,0.07629877019372974
2025-04-03,HONDURAS,4.927835812175928,5523842740.0,0.47036196037688066
2025-04-03,NEW ZEALAND,0.5729732129188696,5580064221.0,1.1250411019239057
2025-04-03,SLOVAKIA,20.99607250742641,8141337864.0,2.4215965888330806
2025-04-03,UNITED ARAB EMIRATES,2.2807447017468934,7188011875.0,2.269413320912189
2025-04-03,GUATEMALA,0.21659621811506366,5024213301.0,0.8735477052947678
2025-04-03,PAKISTAN,0.3746562224505783,5107479031.0,9.589125790382516
2025-04-03,TRINIDAD AND TOBAGO,0.0038154682822566033,3247910632.0,0.014215538920653406
2025-04-03,NICARAGUA,3.782394497044682,4640059191.0,1.3320080942045034
2025-04-03,KUWAIT,0.004534727594167001,1704495990.0,0.10505457393302521
2025-04-03,ALGERIA,0.01969178754170847,2712545770.0,0.09615856177792716
2025-04-03,SRI LANKA,0.16321219032637035,3118528089.0,10.121829240961503
2025-04-03,ANGOLA,0.00037058529338500535,1662167957.0,0.06470561506558992
2025-04-03,EL SALVADOR,0.8107051081095152,2301947103.0,0.9205991298575901
2025-04-03,EGYPT,0.20589066105186815,2559338157.0,1.8207506840214704
2025-04-03,EUROPEAN UNION,3.4919214600326387,597473236377.0,1.2290777517549552
2025-04-05,CHINA,49.779538197300454,429425828419.0,10.865954673194842
2025-04-05,MEXICO,5.441672647215076,503438605302.0,0.24839859514743334
2025-04-05,CANADA,7.354466774613529,411693824741.0,0.10047192820058021
2025-04-05,JAPAN,24.26929081193439,151340030810.0,1.5080061314809772
2025-04-05,"KOREA, SOUTH",24.869442211590734,130458735626.0,0.19074987796402115
2025-04-05,VIETNAM,44.90019718335135,141361159091.0,3.7743449688081196
2025-04-05,TAIWAN,31.359148424229396,115274122243.0,0.9381444681229574
2025-04-05,INDIA,26.227972790217688,87735219365.0,2.4006631752267915
2025-04-05,UNITED KINGDOM,12.909803495247544,68205970097.0,0.9568484123484455
2025-04-05,SWITZERLAND,31.630837574074818,60919464587.0,0.5962607476322337
2025-04-05,MALAYSIA,23.86779381458375,51626608290.0,0.6439635839187916
2025-04-05,THAILAND,35.434105605900626,63282378964.0,1.5883308441545774
2025-04-05,BRAZIL,9.943531713179155,42749059621.0,1.283186909521001
2025-04-05,SINGAPORE,10.131537376616597,42642848286.0,0.07770426304023081
2025-04-05,INDONESIA,31.355174253405597,28106070973.0,4.851827159726428
2025-04-05,ISRAEL,16.945336492909362,22708195633.0,0.13020833745606475
2025-04-05,SAUDI ARABIA,9.63184179661601,12571913684.0,0.35979392745566674
2025-04-05,RUSSIA,9.966666378111219,2931845520.0,0.6264000226041924
2025-04-05,COLOMBIA,7.536288784721019,18310770810.0,0.14149871280050172
2025-04-05,AUSTRALIA,10.020534515786863,16680584707.0,0.11548436303864154
2025-04-05,PHILIPPINES,18.834985766813652,13930354398.0,1.3606079686473171
2025-04-05,CHILE,6.656193180730437,16426746171.0,0.02893202920728323
2025-04-05,TURKEY,11.387644137735169,16577520954.0,3.317861883729277
2025-04-05,SOUTH AFRICA,12.375625499044531,14590861017.0,0.25969666187520785
2025-04-05,VENEZUELA,2.822096479549828,5684940767.0,0.14196309743186458
2025-04-05,IRAQ,34.90663348187267,7595583687.0,0.09413180467272231
2025-04-05,ECUADOR,5.900271160945158,8723106488.0,0.4318083133780035
2025-04-05,COSTA RICA,10.275508994810547,11441670778.0,0.10851728074429305
2025-04-05,PERU,8.344365959707211,9605440694.0,0.10234642337795896
2025-04-05,BANGLADESH,36.99030854582431,8444238245.0,15.06031083091498
2025-04-05,CAMBODIA,47.34455142623934,12728558279.0,7.049896660177754
2025-04-05,HONG KONG,53.701634526287414,5895965378.0,0.9899008942246879
2025-04-05,NORWAY,14.314963331828237,6521465715.0,0.575496378270847
2025-04-05,DOMINICAN REPUBLIC,10.270005823807468,7502813278.0,0.3628772433912622
2025-04-05,ARGENTINA,9.175652109717573,7735341905.0,1.041774881959791
2025-04-05,NIGERIA,12.743812226521488,6108389412.0,0.07629877019372974
2025-04-05,HONDURAS,12.951706240101977,5523842740.0,0.47036196037688066
2025-04-05,NEW ZEALAND,10.257157569907474,5580064221.0,1.1250411019239057
2025-04-05,SLOVAKIA,22.588094422806282,8141337864.0,2.4215965888330806
2025-04-05,UNITED ARAB EMIRATES,11.304608495794952,7188011875.0,2.269413320912189
2025-04-05,GUATEMALA,9.99365456677692,5024213301.0,0.8735477052947678
2025-04-05,PAKISTAN,29.916467563075535,5107479031.0,9.589125790382516
2025-04-05,TRINIDAD AND TOBAGO,5.556172639789555,3247910632.0,0.014215538920653406
2025-04-05,NICARAGUA,19.907498150921757,4640059191.0,1.3320080942045034
2025-04-05,KUWAIT,5.454394325093133,1704495990.0,0.10505457393302521
2025-04-05,ALGERIA,29.527691086665055,2712545770.0,0.09615856177792716
2025-04-05,SRI LANKA,43.82267608300513,3118528089.0,10.121829240961503
2025-04-05,ANGOLA,22.888455982309615,1662167957.0,0.06470561506558992
2025-04-05,EL SALVADOR,10.474446182354349,2301947103.0,0.9205991298575901
2025-04-05,EGYPT,10.047197348529197,2559338157.0,1.8207506840214704
2025-04-05,EUROPEAN UNION,20.055923868226486,597473236377.0,1.2290777517549552
2025-04-08,CHINA,92.9055590537595,429425828419.0,10.865954673194842
2025-04-08,MEXICO,5.441672647215076,503438605302.0,0.24839859514743334
2025-04-08,CANADA,7.354466774613529,411693824741.0,0.10047192820058021
2025-04-08,JAPAN,24.26929081193439,151340030810.0,1.5080061314809772
2025-04-08,"KOREA, SOUTH",24.869442211590734,130458735626.0,0.19074987796402115
2025-04-08,VIETNAM,44.90019718335135,141361159091.0,3.7743449688081196
2025-04-08,TAIWAN,31.359148424229396,115274122243.0,0.9381444681229574
2025-04-08,INDIA,26.227972790217688,87735219365.0,2.4006631752267915
2025-04-08,UNITED KINGDOM,12.909803495247544,68205970097.0,0.9568484123484455
2025-04-08,SWITZERLAND,31.630837574074818,60919464587.0,0.5962607476322337
2025-04-08,MALAYSIA,23.86779381458375,51626608290.0,0.6439635839187916
2025-04-08,THAILAND,35.434105605900626,63282378964.0,1.5883308441545774
2025-04-08,BRAZIL,9.943531713179155,42749059621.0,1.283186909521001
2025-04-08,SINGAPORE,10.131537376616597,42642848286.0,0.07770426304023081
2025-04-08,INDONESIA,31.355174253405597,28106070973.0,4.851827159726428
2025-04-08,ISRAEL,16.945336492909362,22708195633.0,0.13020833745606475
2025-04-08,SAUDI ARABIA,9.63184179661601,12571913684.0,0.35979392745566674
2025-04-08,RUSSIA,9.966666378111219,2931845520.0,0.6264000226041924
2025-04-08,COLOMBIA,7.536288784721019,18310770810.0,0.14149871280050172
2025-04-08,AUSTRALIA,10.020534515786863,16680584707.0,0.11548436303864154
2025-04-08,PHILIPPINES,18.834985766813652,13930354398.0,1.3606079686473171
2025-04-08,CHILE,6.656193180730437,16426746171.0,0.02893202920728323
2025-04-08,TURKEY,11.387644137735169,16577520954.0,3.317861883729277
2025-04-08,SOUTH AFRICA,12.375625499044531,14590861017.0,0.25969666187520785
2025-04-08,VENEZUELA,2.822096479549828,5684940767.0,0.14196309743186458
2025-04-08,IRAQ,34.90663348187267,7595583687.0,0.09413180467272231
2025-04-08,ECUADOR,5.900271160945158,8723106488.0,0.4318083133780035
2025-04-08,COSTA RICA,10.275508994810547,11441670778.0,0.10851728074429305
2025-04-08,PERU,8.344365959707211,9605440694.0,0.10234642337795896
2025-04-08,BANGLADESH,36.99030854582431,8444238245.0,15.06031083091498
2025-04-08,CAMBODIA,47.34455142623934,12728558279.0,7.049896660177754
2025-04-08,HONG KONG,103.25048294559373,5895965378.0,0.9899008942246879
2025-04-08,NORWAY,14.314963331828237,6521465715.0,0.575496378270847
2025-04-08,DOMINICAN REPUBLIC,10.270005823807468,7502813278.0,0.3628772433912622
2025-04-08,ARGENTINA,9.175652109717573,7735341905.0,1.041774881959791
2025-04-08,NIGERIA,12.743812226521488,6108389412.0,0.07629877019372974
2025-04-08,HONDURAS,12.951706240101977,5523842740.0,0.47036196037688066
2025-04-08,NEW ZEALAND,10.257157569907474,5580064221.0,1.1250411019239057
2025-04-08,SLOVAKIA,22.588094422806282,8141337864.0,2.4215965888330806
2025-04-08,UNITED ARAB EMIRATES,11.304608495794952,7188011875.0,2.269413320912189
2025-04-08,GUATEMALA,9.99365456677692,5024213301.0,0.8735477052947678
2025-04-08,PAKISTAN,29.916467563075535,5107479031.0,9.589125790382516
2025-04-08,TRINIDAD AND TOBAGO,5.556172639789555,3247910632.0,0.014215538920653406
2025-04-08,NICARAGUA,19.907498150921757,4640059191.0,1.3320080942045034
2025-04-08,KUWAIT,5.454394325093133,1704495990.0,0.10505457393302521
2025-04-08,ALGERIA,29.527691086665055,2712545770.0,0.09615856177792716
2025-04-08,SRI LANKA,43.82267608300513,3118528089.0,10.121829240961503
2025-04-08,ANGOLA,22.888455982309615,1662167957.0,0.06470561506558992
2025-04-08,EL SALVADOR,10.474446182354349,2301947103.0,0.9205991298575901
2025-04-08,EGYPT,10.047197348529197,2559338157.0,1.8207506840214704
2025-04-08,EUROPEAN UNION,20.055923868226486,597473236377.0,1.2290777517549552
2025-04-09,CHINA,92.9055590537595,429425828419.0,10.865954673194842
2025-04-09,MEXICO,5.441672647215076,503438605302.0,0.24839859514743334
2025-04-09,CANADA,7.354466774613529,411693824741.0,0.10047192820058021
2025-04-09,JAPAN,24.26929081193439,151340030810.0,1.5080061314809772
2025-04-09,"KOREA, SOUTH",24.869442211590734,130458735626.0,0.19074987796402115
2025-04-09,VIETNAM,44.90019718335135,141361159091.0,3.7743449688081196
2025-04-09,TAIWAN,31.359148424229396,115274122243.0,0.9381444681229574
2025-04-09,INDIA,26.227972790217688,87735219365.0,2.4006631752267915
2025-04-09,UNITED KINGDOM,12.909803495247544,68205970097.0,0.9568484123484455
2025-04-09,SWITZERLAND,31.630837574074818,60919464587.0,0.5962607476322337
2025-04-09,MALAYSIA,23.86779381458375,51626608290.0,0.6439635839187916
2025-04-09,THAILAND,35.434105605900626,63282378964.0,1.5883308441545774
2025-04-09,BRAZIL,9.943531713179155,42749059621.0,1.283186909521001
2025-04-09,SINGAPORE,10.131537376616597,42642848286.0,0.07770426304023081
2025-04-09,INDONESIA,31.355174253405597,28106070973.0,4.851827159726428
2025-04-09,ISRAEL,16.945336492909362,22708195633.0,0.13020833745606475
2025-04-09,SAUDI ARABIA,9.63184179661601,12571913684.0,0.35979392745566674
2025-04-09,RUSSIA,9.966666378111219,2931845520.0,0.6264000226041924
2025-04-09,COLOMBIA,7.536288784721019,18310770810.0,0.14149871280050172
2025-04-09,AUSTRALIA,10.020534515786863,16680584707.0,0.11548436303864154
2025-04-09,PHILIPPINES,18.834985766813652,13930354398.0,1.3606079686473171
2025-04-09,CHILE,6.656193180730437,16426746171.0,0.02893202920728323
2025-04-09,TURKEY,11.387644137735169,16577520954.0,3.317861883729277
2025-04-09,SOUTH AFRICA,12.375625499044531,14590861017.0,0.25969666187520785
2025-04-09,VENEZUELA,2.822096479549828,5684940767.0,0.14196309743186458
2025-04-09,IRAQ,34.90663348187267,7595583687.0,0.09413180467272231
2025-04-09,ECUADOR,5.900271160945158,8723106488.0,0.4318083133780035
2025-04-09,COSTA RICA,10.275508994810547,11441670778.0,0.10851728074429305
2025-04-09,PERU,8.344365959707211,9605440694.0,0.10234642337795896
2025-04-09,BANGLADESH,36.99030854582431,8444238245.0,15.06031083091498
2025-04-09,CAMBODIA,47.34455142623934,12728558279.0,7.049896660177754
2025-04-09,HONG KONG,103.25048294559373,5895965378.0,0.9899008942246879
2025-04-09,NORWAY,14.314963331828237,6521465715.0,0.575496378270847
2025-04-09,DOMINICAN REPUBLIC,10.270005823807468,7502813278.0,0.3628772433912622
2025-04-09,ARGENTINA,9.175652109717573,7735341905.0,1.041774881959791
2025-04-09,NIGERIA,12.743812226521488,6108389412.0,0.07629877019372974
2025-04-09,HONDURAS,12.951706240101977,5523842740.0,0.47036196037688066
2025-04-09,NEW ZEALAND,10.257157569907474,5580064221.0,1.1250411019239057
2025-04-09,SLOVAKIA,22.588094422806282,8141337864.0,2.4215965888330806
2025-04-09,UNITED ARAB EMIRATES,11.304608495794952,7188011875.0,2.269413320912189
2025-04-09,GUATEMALA,9.99365456677692,5024213301.0,0.8735477052947678
2025-04-09,PAKISTAN,29.916467563075535,5107479031.0,9.589125790382516
2025-04-09,TRINIDAD AND TOBAGO,5.556172639789555,3247910632.0,0.014215538920653406
2025-04-09,NICARAGUA,19.907498150921757,4640059191.0,1.3320080942045034
2025-04-09,KUWAIT,5.454394325093133,1704495990.0,0.10505457393302521
2025-04-09,ALGERIA,29.527691086665055,2712545770.0,0.09615856177792716
2025-04-09,SRI LANKA,43.82267608300513,3118528089.0,10.121829240961503
2025-04-09,ANGOLA,22.888455982309615,1662167957.0,0.06470561506558992
2025-04-09,EL SALVADOR,10.474446182354349,2301947103.0,0.9205991298575901
2025-04-09,EGYPT,10.047197348529197,2559338157.0,1.8207506840214704
2025-04-09,EUROPEAN UNION,20.055923868226486,597473236377.0,1.2290777517549552
2025-04-11,CHINA,87.97132636161561,429425828419.0,10.865954673194842
2025-04-11,MEXICO,4.897039519163601,503438605302.0,0.24839859514743334
2025-04-11,CANADA,7.311846181039437,411693824741.0,0.10047192820058021
2025-04-11,JAPAN,15.560229984632711,151340030810.0,1.5080061314809772
2025-04-11,"KOREA, SOUTH",14.692741735479371,130458735626.0,0.19074987796402115
2025-04-11,VIETNAM,7.619440578947367,141361159091.0,3.7743449688081196
2025-04-11,TAIWAN,4.811589215624508,115274122243.0,0.9381444681229574
2025-04-11,INDIA,9.713636579165803,87735219365.0,2.4006631752267915
2025-04-11,UNITED KINGDOM,12.7798936986799,68205970097.0,0.9568484123484455
2025-04-11,SWITZERLAND,10.1489701982203,60919464587.0,0.5962607476322337
2025-04-11,MALAYSIA,6.585292307026354,51626608290.0,0.6439635839187916
2025-04-11,THAILAND,8.900931712845901,63282378964.0,1.5883308441545774
2025-04-11,BRAZIL,9.924628165892631,42749059621.0,1.283186909521001
2025-04-11,SINGAPORE,9.237104886924719,42642848286.0,0.07770426304023081
2025-04-11,INDONESIA,10.34707336270413,28106070973.0,4.851827159726428
2025-04-11,ISRAEL,7.683827902047563,22708195633.0,0.13020833745606475
2025-04-11,SAUDI ARABIA,9.631479978191678,12571913684.0,0.35979392745566674
2025-04-11,RUSSIA,9.966507959123303,2931845520.0,0.6264000226041924
2025-04-11,COLOMBIA,7.527888504820404,18310770810.0,0.14149871280050172
2025-04-11,AUSTRALIA,9.97289728879766,16680584707.0,0.11548436303864154
2025-04-11,PHILIPPINES,8.622495682683063,13930354398.0,1.3606079686473171
2025-04-11,CHILE,6.653090242420596,16426746171.0,0.02893202920728323
2025-04-11,TURKEY,11.366715175499937,16577520954.0,3.317861883729277
2025-04-11,SOUTH AFRICA,12.366470641778442,14590861017.0,0.25969666187520785
2025-04-11,VENEZUELA,1.8817369218862081,5684940767.0,0.14196309743186458
2025-04-11,IRAQ,8.950748362678134,7595583687.0,0.09413180467272231
2025-04-11,ECUADOR,5.898877335245939,8723106488.0,0.4318083133780035
2025-04-11,COSTA RICA,9.355984265063075,11441670778.0,0.10851728074429305
2025-04-11,PERU,8.343958903943236,9605440694.0,0.10234642337795896
2025-04-11,BANGLADESH,10.011077949518464,8444238245.0,15.06031083091498
2025-04-11,CAMBODIA,10.936493709948781,12728558279.0,7.049896660177754
2025-04-11,HONG KONG,120.05513627017096,5895965378.0,0.9899008942246879
2025-04-11,NORWAY,9.216537425283391,6521465715.0,0.575496378270847
2025-04-11,DOMINICAN REPUBLIC,10.239585252010851,7502813278.0,0.3628772433912622
2025-04-11,ARGENTINA,9.174878403774967,7735341905.0,1.041774881959791
2025-04-11,NIGERIA,9.10310647775054,6108389412.0,0.07629877019372974
2025-04-11,HONDURAS,12.95076973444034,5523842740.0,0.47036196037688066
2025-04-11,NEW ZEALAND,10.21454303348241,5580064221.0,1.1250411019239057
2025-04-11,SLOVAKIA,22.5215608605038,8141337864.0,2.4215965888330806
2025-04-11,UNITED ARAB EMIRATES,11.214804844768011,7188011875.0,2.269413320912189
2025-04-11,GUATEMALA,9.990088328855366,5024213301.0,0.8735477052947678
2025-04-11,PAKISTAN,10.221881108688198,5107479031.0,9.589125790382516
2025-04-11,TRINIDAD AND TOBAGO,5.555001345246374,3247910632.0,0.014215538920653406
2025-04-11,NICARAGUA,12.269029164632482,4640059191.0,1.3320080942045034
2025-04-11,KUWAIT,5.454332541433553,1704495990.0,0.10505457393302521
2025-04-11,ALGERIA,9.85569155391616,2712545770.0,0.09615856177792716
2025-04-11,SRI LANKA,10.077437141211526,3118528089.0,10.121829240961503
2025-04-11,ANGOLA,7.152897271860957,1662167957.0,0.06470561506558992
2025-04-11,EL SALVADOR,10.4739720489572,2301947103.0,0.9205991298575901
2025-04-11,EGYPT,10.046744282178107,2559338157.0,1.8207506840214704
2025-04-11,EUROPEAN UNION,11.574771867482129,597473236377.0,1.2290777517549552
2025-05-12,CHINA,26.88408042888042,429425828419.0,10.865954673194842
2025-05-12,MEXICO,4.897039519163601,503438605302.0,0.24839859514743334
2025-05-12,CANADA,7.311846181039437,411693824741.0,0.10047192820058021
2025-05-12,JAPAN,15.560229984632711,151340030810.0,1.5080061314809772
2025-05-12,"KOREA, SOUTH",14.692741735479371,130458735626.0,0.19074987796402115
2025-05-12,VIETNAM,7.619440578947367,141361159091.0,3.7743449688081196
2025-05-12,TAIWAN,4.811589215624508,115274122243.0,0.9381444681229574
2025-05-12,INDIA,9.713636579165803,87735219365.0,2.4006631752267915
2025-05-12,UNITED KINGDOM,12.7798936986799,68205970097.0,0.9568484123484455
2025-05-12,SWITZERLAND,10.1489701982203,60919464587.0,0.5962607476322337
2025-05-12,MALAYSIA,6.585292307026354,51626608290.0,0.6439635839187916
2025-05-12,THAILAND,8.900931712845901,63282378964.0,1.5883308441545774
2025-05-12,BRAZIL,9.924628165892631,42749059621.0,1.283186909521001
2025-05-12,SINGAPORE,9.237104886924719,42642848286.0,0.07770426304023081
2025-05-12,INDONESIA,10.34707336270413,28106070973.0,4.851827159726428
2025-05-12,ISRAEL,7.683827902047563,22708195633.0,0.13020833745606475
2025-05-12,SAUDI ARABIA,9.631479978191678,12571913684.0,0.35979392745566674
2025-05-12,RUSSIA,9.966507959123303,2931845520.0,0.6264000226041924
2025-05-12,COLOMBIA,7.527888504820404,18310770810.0,0.14149871280050172
2025-05-12,AUSTRALIA,9.97289728879766,16680584707.0,0.11548436303864154
2025-05-12,PHILIPPINES,8.622495682683063,13930354398.0,1.3606079686473171
2025-05-12,CHILE,6.653090242420596,16426746171.0,0.02893202920728323
2025-05-12,TURKEY,11.366715175499937,16577520954.0,3.317861883729277
2025-05-12,SOUTH AFRICA,12.366470641778442,14590861017.0,0.25969666187520785
2025-05-12,VENEZUELA,1.8817369218862081,5684940767.0,0.14196309743186458
2025-05-12,IRAQ,8.950748362678134,7595583687.0,0.09413180467272231
2025-05-12,ECUADOR,5.898877335245939,8723106488.0,0.4318083133780035
2025-05-12,COSTA RICA,9.355984265063075,11441670778.0,0.10851728074429305
2025-05-12,PERU,8.343958903943236,9605440694.0,0.10234642337795896
2025-05-12,BANGLADESH,10.011077949518464,8444238245.0,15.06031083091498
2025-05-12,CAMBODIA,10.936493709948781,12728558279.0,7.049896660177754
2025-05-12,HONG KONG,28.956780162252848,5895965378.0,0.9899008942246879
2025-05-12,NORWAY,9.216537425283391,6521465715.0,0.575496378270847
2025-05-12,DOMINICAN REPUBLIC,10.239585252010851,7502813278.0,0.3628772433912622
2025-05-12,ARGENTINA,9.174878403774967,7735341905.0,1.041774881959791
2025-05-12,NIGERIA,9.10310647775054,6108389412.0,0.07629877019372974
2025-05-12,HONDURAS,12.95076973444034,5523842740.0,0.47036196037688066
2025-05-12,NEW ZEALAND,10.21454303348241,5580064221.0,1.1250411019239057
2025-05-12,SLOVAKIA,22.5215608605038,8141337864.0,2.4215965888330806
2025-05-12,UNITED ARAB EMIRATES,11.214804844768011,7188011875.0,2.269413320912189
2025-05-12,GUATEMALA,9.990088328855366,5024213301.0,0.8735477052947678
2025-05-12,PAKISTAN,10.221881108688198,5107479031.0,9.589125790382516
2025-05-12,TRINIDAD AND TOBAGO,5.555001345246374,3247910632.0,0.014215538920653406
2025-05-12,NICARAGUA,12.269029164632482,4640059191.0,1.3320080942045034
2025-05-12,KUWAIT,5.454332541433553,1704495990.0,0.10505457393302521
2025-05-12,ALGERIA,9.85569155391616,2712545770.0,0.09615856177792716
2025-05-12,SRI LANKA,10.077437141211526,3118528089.0,10.121829240961503
2025-05-12,ANGOLA,7.152897271860957,1662167957.0,0.06470561506558992
2025-05-12,EL SALVADOR,10.4739720489572,2301947103.0,0.9205991298575901
2025-05-12,EGYPT,10.046744282178107,2559338157.0,1.8207506840214704
2025-05-12,EUROPEAN UNION,11.574771867482129,597473236377.0,1.2290777517549552
2025-06-03,CHINA,28.18928506093185,429425828419.0,10.865954673194842
2025-06-03,MEXICO,6.1348643870562345,503438605302.0,0.24839859514743334
2025-06-03,CANADA,8.109681364641327,411693824741.0,0.10047192820058021
2025-06-03,JAPAN,16.27583735381559,151340030810.0,1.5080061314809772
2025-06-03,"KOREA, SOUTH",15.575081493891526,130458735626.0,0.19074987796402115
2025-06-03,VIETNAM,8.146420241034356,141361159091.0,3.7743449688081196
2025-06-03,TAIWAN,5.937064584038153,115274122243.0,0.9381444681229574
2025-06-03,INDIA,10.499944495750565,87735219365.0,2.4006631752267915
2025-06-03,UNITED KINGDOM,12.7798936986799,68205970097.0,0.9568484123484455
2025-06-03,SWITZERLAND,10.433028641483322,60919464587.0,0.5962607476322337
2025-06-03,MALAYSIA,7.309424639427538,51626608290.0,0.6439635839187916
2025-06-03,THAILAND,9.667227367242628,63282378964.0,1.5883308441545774
2025-06-03,BRAZIL,10.084257081955332,42749059621.0,1.283186909521001
2025-06-03,SINGAPORE,9.503795516939077,42642848286.0,0.07770426304023081
2025-06-03,INDONESIA,10.57331246620986,28106070973.0,4.851827159726428
2025-06-03,ISRAEL,8.365513445239921,22708195633.0,0.13020833745606475
2025-06-03,SAUDI ARABIA,9.672549296513289,12571913684.0,0.35979392745566674
2025-06-03,RUSSIA,9.986771884897946,2931845520.0,0.6264000226041924
2025-06-03,COLOMBIA,8.584844175929042,18310770810.0,0.14149871280050172
2025-06-03,AUSTRALIA,10.454479181225501,16680584707.0,0.11548436303864154
2025-06-03,PHILIPPINES,9.079287329413425,13930354398.0,1.3606079686473171
2025-06-03,CHILE,6.674595724779827,16426746171.0,0.02893202920728323
2025-06-03,TURKEY,12.45226692355294,16577520954.0,3.317861883729277
2025-06-03,SOUTH AFRICA,12.465684637670346,14590861017.0,0.25969666187520785
2025-06-03,VENEZUELA,1.881939061195499,5684940767.0,0.14196309743186458
2025-06-03,IRAQ,8.950803987106408,7595583687.0,0.09413180467272231
2025-06-03,ECUADOR,5.915628933452497,8723106488.0,0.4318083133780035
2025-06-03,COSTA RICA,9.446504010395325,11441670778.0,0.10851728074429305
2025-06-03,PERU,8.353492331707482,9605440694.0,0.10234642337795896
2025-06-03,BANGLADESH,10.021348307540556,8444238245.0,15.06031083091498
2025-06-03,CAMBODIA,11.122186173949167,12728558279.0,7.049896660177754
2025-06-03,HONG KONG,29.085111945343588,5895965378.0,0.9899008942246879
2025-06-03,NORWAY,9.787562308759297,6521465715.0,0.575496378270847
2025-06-03,DOMINICAN REPUBLIC,10.662758554791798,7502813278.0,0.3628772433912622
2025-06-03,ARGENTINA,9.264463619724124,7735341905.0,1.041774881959791
2025-06-03,NIGERIA,9.103523355233005,6108389412.0,0.07629877019372974
2025-06-03,HONDURAS,13.086607806832678,5523842740.0,0.47036196037688066
2025-06-03,NEW ZEALAND,10.6797531676652,5580064221.0,1.1250411019239057
2025-06-03,SLOVAKIA,22.798074673418323,8141337864.0,2.4215965888330806
2025-06-03,UNITED ARAB EMIRATES,13.08580983667337,7188011875.0,2.269413320912189
2025-06-03,GUATEMALA,10.004425787415428,5024213301.0,0.8735477052947678
2025-06-03,PAKISTAN,10.38580411158618,5107479031.0,9.589125790382516
2025-06-03,TRINIDAD AND TOBAGO,5.5577339866289766,3247910632.0,0.014215538920653406
2025-06-03,NICARAGUA,12.270020003285774,4640059191.0,1.3320080942045034
2025-06-03,KUWAIT,5.455708461361649,1704495990.0,0.10505457393302521
2025-06-03,ALGERIA,9.856809175610705,2712545770.0,0.09615856177792716
2025-06-03,SRI LANKA,10.17528530588778,3118528089.0,10.121829240961503
2025-06-03,ANGOLA,7.152897271860957,1662167957.0,0.06470561506558992
2025-06-03,EL SALVADOR,10.548004690618644,2301947103.0,0.9205991298575901
2025-06-03,EGYPT,10.178564387339769,2559338157.0,1.8207506840214704
2025-06-03,EUROPEAN UNION,12.171402334541359,597473236377.0,1.2290777517549552
2025-08-07,CHINA,30.761379626520696,429425828419.0,10.865954673194842
2025-08-07,MEXICO,3.816631952283193,503438605302.0,0.24839859514743334
2025-08-07,CANADA,8.633084416572725,411693824741.0,0.10047192820058021
2025-08-07,JAPAN,15.340209482477505,151340030810.0,1.5080061314809772
2025-08-07,"KOREA, SOUTH",13.949072045255388,130458735626.0,0.19074987796402115
2025-08-07,VIETNAM,14.54675594221214,141361159091.0,3.7743449688081196
2025-08-07,TAIWAN,8.92696840844944,115274122243.0,0.9381444681229574
2025-08-07,INDIA,42.98019059697373,87735219365.0,2.4006631752267915
2025-08-07,UNITED KINGDOM,12.7798936986799,68205970097.0,0.9568484123484455
2025-08-07,SWITZERLAND,38.57044349139627,60919464587.0,0.5962607476322337
2025-08-07,MALAYSIA,11.87744798534004,51626608290.0,0.6439635839187916
2025-08-07,THAILAND,14.900165355357547,63282378964.0,1.5883308441545774
2025-08-07,BRAZIL,46.3226012713792,42749059621.0,1.283186909521001
2025-08-07,SINGAPORE,9.503795516939077,42642848286.0,0.07770426304023081
2025-08-07,INDONESIA,18.601217733358492,28106070973.0,4.851827159726428
2025-08-07,ISRAEL,11.796361225447614,22708195633.0,0.13020833745606475
2025-08-07,SAUDI ARABIA,9.672549296513289,12571913684.0,0.35979392745566674
2025-08-07,RUSSIA,9.986771884897946,2931845520.0,0.6264000226041924
2025-08-07,COLOMBIA,8.584844175929042,18310770810.0,0.14149871280050172
2025-08-07,AUSTRALIA,10.454479181225501,16680584707.0,0.11548436303864154
2025-08-07,PHILIPPINES,14.13813162573066,13930354398.0,1.3606079686473171
2025-08-07,CHILE,6.674595724779827,16426746171.0,0.02893202920728323
2025-08-07,TURKEY,16.89678056672357,16577520954.0,3.317861883729277
2025-08-07,SOUTH AFRICA,28.23271082563558,14590861017.0,0.25969666187520785
2025-08-07,VENEZUELA,2.8212306235626254,5684940767.0,0.14196309743186458
2025-08-07,IRAQ,31.326088988689463,7595583687.0,0.09413180467272231
2025-08-07,ECUADOR,8.807452477014861,8723106488.0,0.4318083133780035
2025-08-07,COSTA RICA,13.892727683236613,11441670778.0,0.10851728074429305
2025-08-07,PERU,8.353492331707482,9605440694.0,0.10234642337795896
2025-08-07,BANGLADESH,20.013546581903668,8444238245.0,15.06031083091498
2025-08-07,CAMBODIA,19.508826487575217,12728558279.0,7.049896660177754
2025-08-07,HONG KONG,32.92083220251908,5895965378.0,0.9899008942246879
2025-08-07,NORWAY,13.89798360612864,6521465715.0,0.575496378270847
2025-08-07,DOMINICAN REPUBLIC,10.662758554791798,7502813278.0,0.3628772433912622
2025-08-07,ARGENTINA,9.264463619724124,7735341905.0,1.041774881959791
2025-08-07,NIGERIA,13.654328784466173,6108389412.0,0.07629877019372974
2025-08-07,HONDURAS,13.086607806832678,5523842740.0,0.47036196037688066
2025-08-07,NEW ZEALAND,15.50053807794697,5580064221.0,1.1250411019239057
2025-08-07,SLOVAKIA,22.798074673418323,8141337864.0,2.4215965888330806
2025-08-07,UNITED ARAB EMIRATES,13.08580983667337,7188011875.0,2.269413320912189
2025-08-07,GUATEMALA,10.004425787415428,5024213301.0,0.8735477052947678
2025-08-07,PAKISTAN,19.248306509200038,5107479031.0,9.589125790382516
2025-08-07,TRINIDAD AND TOBAGO,8.333326925111034,3247910632.0,0.014215538920653406
2025-08-07,NICARAGUA,19.05932773735601,4640059191.0,1.3320080942045034
2025-08-07,KUWAIT,5.455708461361649,1704495990.0,0.10505457393302521
2025-08-07,ALGERIA,29.5288087083596,2712545770.0,0.09615856177792716
2025-08-07,SRI LANKA,20.089510256772932,3118528089.0,10.121829240961503
2025-08-07,ANGOLA,10.729160615144744,1662167957.0,0.06470561506558992
2025-08-07,EL SALVADOR,10.548004690618644,2301947103.0,0.9205991298575901
2025-08-07,EGYPT,10.178564387339769,2559338157.0,1.8207506840214704
2025-08-07,EUROPEAN UNION,15.054711141076742,597473236377.0,1.2290777517549552
